name,id,Cmp,Att,Yds,TD,Int,Sk,Fmb,team_win,start_win,Cmp.,Y.A,TD_pct,Int_pct,game_count,start_count,win_count,win_percent,y
A.J. Feeley,FeelA.00,19.25,34.625,223.625,1.125,1.5,1.875,0.0,0.625,0.5,0.555956678700361,6.458483754512636,0.032490974729241874,0.04332129963898917,23,18,11,0.4782608695652174,0
Aaron Brooks,BrooAa00,23.5,43.375,300.5,1.875,1.125,2.875,0.0,0.75,0.75,0.5417867435158501,6.927953890489913,0.043227665706051875,0.025936599423631124,92,91,39,0.42391304347826086,1
Aaron Rodgers,RodgAa00,21.875,34.25,245.75,1.625,0.625,2.75,0.625,0.5,0.5,0.6386861313868614,7.175182481751825,0.04744525547445255,0.01824817518248175,167,164,106,0.6347305389221557,1
Adrian Burk,BurkAd00,7.75,20.125,146.875,1.375,2.25,0.0,0.0,0.125,0.125,0.38509316770186336,7.298136645962733,0.06832298136645963,0.11180124223602485,51,39,18,0.35294117647058826,0
Akili Smith,SmitAk00,17.75,37.0,186.25,0.5,1.25,4.375,0.0,0.125,0.125,0.4797297297297297,5.033783783783784,0.013513513513513514,0.033783783783783786,16,14,2,0.125,0
Al Dorow,DoroAl00,11.0,22.125,155.5,1.25,1.875,0.0,0.0,0.625,0.5,0.4971751412429379,7.028248587570621,0.05649717514124294,0.0847457627118644,43,37,19,0.4418604651162791,0
Alex Smith,SmitAl03,17.375,32.75,206.875,0.5,1.375,3.875,0.0,0.375,0.375,0.5305343511450382,6.316793893129771,0.015267175572519083,0.04198473282442748,166,164,95,0.572289156626506,1
Andrew Luck,LuckAn00,29.375,51.5,370.625,1.5,1.5,2.75,1.0,0.75,0.75,0.5703883495145631,7.196601941747573,0.02912621359223301,0.02912621359223301,84,84,49,0.5833333333333334,1
Andy Dalton,DaltAn00,24.625,41.5,279.875,1.875,1.5,1.75,0.25,0.75,0.75,0.5933734939759037,6.743975903614458,0.045180722891566265,0.03614457831325301,120,120,68,0.5666666666666667,1
Archie Manning,MannAr00,14.625,31.25,182.875,1.0,1.375,0.0,0.0,0.25,0.25,0.468,5.852,0.032,0.044,131,125,32,0.24427480916030533,1
Austin Davis,DaviAu00,25.625,40.25,278.875,1.5,1.25,4.0,0.75,0.375,0.375,0.6366459627329193,6.928571428571429,0.037267080745341616,0.031055900621118012,11,10,3,0.2727272727272727,0
Babe Parilli,PariBa00,9.125,21.25,164.625,1.375,2.125,0.0,0.0,0.625,0.25,0.4294117647058823,7.747058823529412,0.06470588235294118,0.1,133,99,60,0.45112781954887216,1
Bart Starr+,StarBa00,13.625,26.25,174.375,0.875,1.125,0.0,0.0,0.25,0.25,0.5190476190476191,6.642857142857143,0.03333333333333333,0.04285714285714286,149,145,95,0.6375838926174496,1
Ben Roethlisberger,RoetBe00,17.625,26.5,214.875,1.5,0.75,2.75,0.0,1.125,1.125,0.6650943396226415,8.108490566037736,0.05660377358490566,0.02830188679245283,229,227,154,0.6724890829694323,1
Bernie Kosar,KosaBe00,14.125,28.0,182.5,1.0,0.75,2.125,0.0,0.625,0.5,0.5044642857142857,6.517857142857143,0.03571428571428571,0.026785714285714284,116,112,57,0.49137931034482757,1
Bert Jones,JoneBe00,11.5,25.25,135.375,0.75,2.125,0.0,0.0,0.125,0.125,0.45544554455445546,5.361386138613861,0.0297029702970297,0.08415841584158416,100,96,46,0.46,1
Bill Kenney,KennBi00,16.375,30.125,240.0,1.375,1.625,1.0,0.0,0.875,0.875,0.5435684647302904,7.966804979253112,0.04564315352697095,0.05394190871369295,81,76,36,0.4444444444444444,1
Bill Munson,MunsBi00,13.75,28.625,185.625,1.125,2.125,0.0,0.0,0.25,0.25,0.48034934497816595,6.4847161572052405,0.039301310043668124,0.07423580786026202,79,66,28,0.35443037974683544,0
Bill Nelsen,NelsBi00,12.75,28.125,188.5,0.875,1.625,0.0,0.0,0.25,0.25,0.4533333333333333,6.702222222222222,0.03111111111111111,0.057777777777777775,80,77,41,0.5125,1
Bill Troup,TrouBi00,17.75,32.875,221.875,1.125,2.375,0.0,0.0,0.375,0.375,0.5399239543726235,6.749049429657795,0.034220532319391636,0.07224334600760456,12,11,3,0.25,0
Billy Kilmer,KilmBi00,15.0,30.375,202.5,1.0,1.625,0.0,0.0,0.375,0.125,0.49382716049382713,6.666666666666667,0.03292181069958848,0.053497942386831275,125,115,64,0.512,1
Billy Volek,VoleBi00,29.625,48.0,340.375,2.5,1.25,4.25,0.0,0.375,0.25,0.6171875,7.091145833333333,0.052083333333333336,0.026041666666666668,15,10,5,0.3333333333333333,0
Billy Wade,WadeBi00,14.375,27.5,213.25,1.375,1.125,0.0,0.0,0.375,0.125,0.5227272727272727,7.754545454545455,0.05,0.04090909090909091,95,80,44,0.4631578947368421,1
Bob Avellini,AvelBo00,13.75,26.5,185.5,0.875,1.875,0.0,0.0,0.625,0.625,0.5188679245283019,7.0,0.0330188679245283,0.07075471698113207,47,44,19,0.40425531914893614,0
Bob Berry,BerrBo00,11.625,23.75,196.5,1.25,2.125,0.0,0.0,0.25,0.25,0.48947368421052634,8.273684210526316,0.05263157894736842,0.08947368421052632,53,49,20,0.37735849056603776,0
Bob Celeri,CeleBo00,13.125,30.5,224.0,1.375,1.875,0.0,0.0,0.125,0.125,0.430327868852459,7.344262295081967,0.045081967213114756,0.06147540983606557,13,10,1,0.07692307692307693,0
Bob Gagliano,GaglBo00,13.5,26.75,196.0,0.625,1.375,2.625,0.0,0.625,0.5,0.5046728971962616,7.327102803738318,0.02336448598130841,0.0514018691588785,21,13,9,0.42857142857142855,0
Bob Griese+,GrieBo00,18.625,35.875,224.125,1.75,1.5,0.0,0.0,0.5,0.375,0.519163763066202,6.2473867595818815,0.04878048780487805,0.041811846689895474,159,152,96,0.6037735849056604,1
Bobby Douglass,DougBo00,11.75,24.875,153.5,1.375,1.25,0.0,0.0,0.5,0.5,0.4723618090452261,6.1708542713567835,0.05527638190954774,0.05025125628140704,54,43,11,0.2037037037037037,0
Bobby Hebert,HebeBo00,18.875,35.25,231.875,1.125,1.5,2.75,0.0,0.5,0.5,0.5354609929078015,6.578014184397163,0.031914893617021274,0.0425531914893617,111,101,59,0.5315315315315315,1
Bobby Hoying,HoyiBo00,21.75,38.25,248.25,1.375,1.0,5.0,0.0,0.25,0.25,0.5686274509803921,6.490196078431373,0.03594771241830065,0.026143790849673203,16,13,3,0.1875,0
Bobby Layne+,LaynBo00,16.375,35.25,266.25,2.0,2.125,0.0,0.0,0.75,0.75,0.4645390070921986,7.553191489361702,0.05673758865248227,0.06028368794326241,135,126,83,0.6148148148148148,1
Bobby Scott,ScotBo00,10.625,24.5,120.75,0.75,1.25,0.0,0.0,0.375,0.25,0.4336734693877551,4.928571428571429,0.030612244897959183,0.05102040816326531,22,12,6,0.2727272727272727,0
Boomer Esiason,EsiaBo00,20.625,35.5,251.5,2.125,1.125,2.75,0.0,0.625,0.5,0.5809859154929577,7.084507042253521,0.05985915492957746,0.03169014084507042,179,173,84,0.4692737430167598,1
Brad Johnson,JohnBr00,18.5,30.375,207.875,1.0,1.125,1.125,0.0,0.5,0.25,0.6090534979423868,6.843621399176954,0.03292181069958848,0.037037037037037035,139,130,79,0.5683453237410072,1
Brady Quinn,QuinBr00,20.5,39.625,218.5,1.25,0.75,2.375,0.5,0.25,0.25,0.5173501577287066,5.514195583596215,0.031545741324921134,0.01892744479495268,19,18,4,0.21052631578947367,0
Brandon Weeden,WeedBr00,25.625,46.375,287.25,1.375,1.5,2.0,0.5,0.25,0.25,0.5525606469002695,6.1940700808625335,0.029649595687331536,0.03234501347708895,28,25,8,0.2857142857142857,0
Brett Favre+,FavrBr00,25.625,40.375,282.5,1.375,1.0,3.125,0.0,0.625,0.5,0.6346749226006192,6.996904024767802,0.034055727554179564,0.02476780185758514,321,319,199,0.6199376947040498,1
Brian Griese,GrieBr00,21.875,38.0,274.375,1.125,1.125,2.375,0.0,0.375,0.25,0.5756578947368421,7.220394736842105,0.029605263157894735,0.029605263157894735,86,82,46,0.5348837209302325,1
Brian Hoyer,HoyeBr00,21.25,34.5,235.125,1.25,0.625,1.875,0.125,0.625,0.375,0.6159420289855072,6.815217391304348,0.036231884057971016,0.018115942028985508,45,37,17,0.37777777777777777,0
Brian Sipe,SipeBr00,13.25,25.75,140.75,0.5,0.875,0.0,0.0,0.25,0.25,0.5145631067961165,5.466019417475728,0.019417475728155338,0.03398058252427184,113,109,57,0.504424778761062,1
Browning Nagle,NaglBr00,17.25,35.75,203.875,0.75,1.25,2.0,0.0,0.25,0.25,0.4825174825174825,5.7027972027972025,0.02097902097902098,0.03496503496503497,15,14,4,0.26666666666666666,0
Bruce Gradkowski,GradBr00,21.25,38.875,200.5,1.125,1.125,2.75,0.0,0.375,0.375,0.5466237942122186,5.157556270096463,0.028938906752411574,0.028938906752411574,25,19,9,0.36,0
Bubby Brister,BrisBu00,15.0,34.25,245.875,0.875,1.5,3.75,0.0,0.125,0.125,0.43795620437956206,7.178832116788321,0.025547445255474453,0.043795620437956206,83,75,41,0.4939759036144578,1
Butch Songin,SongBu00,17.625,35.125,233.0,2.125,1.5,0.0,0.0,0.5,0.5,0.501779359430605,6.633451957295374,0.060498220640569395,0.042704626334519574,28,20,12,0.42857142857142855,0
Byron Leftwich,LeftBy00,22.375,39.5,263.625,1.125,1.5,2.0,0.0,0.5,0.5,0.5664556962025317,6.674050632911392,0.028481012658227847,0.0379746835443038,52,50,25,0.4807692307692308,0
Cade McNown,McNoCa00,22.375,38.75,239.5,1.375,1.5,3.375,0.0,0.25,0.125,0.5774193548387097,6.180645161290323,0.035483870967741936,0.03870967741935484,16,13,4,0.25,0
Cam Newton,NewtCa00,27.375,45.625,360.625,1.5,1.75,2.875,0.625,0.25,0.25,0.6,7.904109589041096,0.03287671232876712,0.038356164383561646,124,123,71,0.5725806451612904,1
Carson Palmer,PalmCa00,24.25,42.875,257.75,1.125,1.625,2.75,0.0,0.5,0.5,0.565597667638484,6.011661807580175,0.026239067055393587,0.037900874635568516,183,182,93,0.5081967213114754,1
Chad Henne,ch1,18.875,32.625,197.375,0.875,0.875,2.125,0.375,0.625,0.625,0.578544061302682,6.049808429118774,0.02681992337164751,0.02681992337164751,58,51,19,0.3275862068965517,0
Chad Hutchinson,HutcCh00,18.125,35.0,221.0,1.25,1.0,4.875,0.0,0.375,0.375,0.5178571428571429,6.314285714285714,0.03571428571428571,0.02857142857142857,14,14,3,0.21428571428571427,0
Chad Pennington,CP01,24.75,35.0,273.125,1.75,0.625,1.875,0.0,0.625,0.625,0.7071428571428572,7.803571428571429,0.05,0.017857142857142856,90,86,45,0.5,1
Charlie Batch,BatcCh00,19.5,32.625,236.625,1.125,0.75,3.875,0.0,0.625,0.625,0.5977011494252874,7.252873563218391,0.034482758620689655,0.022988505747126436,57,53,26,0.45614035087719296,0
Charlie Conerly,ConeCh00,9.75,21.5,157.125,1.375,1.875,0.0,0.0,1.125,0.875,0.45348837209302323,7.308139534883721,0.06395348837209303,0.0872093023255814,107,77,66,0.616822429906542,1
Charlie Frye,FryeCh00,22.125,36.0,233.5,1.125,1.375,4.5,0.0,0.5,0.375,0.6145833333333334,6.486111111111111,0.03125,0.03819444444444445,23,22,8,0.34782608695652173,0
Chris Chandler,ChanCh00,13.75,24.375,172.0,0.875,1.375,1.75,0.0,0.875,0.875,0.5641025641025641,7.056410256410256,0.035897435897435895,0.05641025641025641,155,142,69,0.44516129032258067,1
Chris Miller,MillCh00,17.375,35.0,234.875,1.25,2.125,2.625,0.0,0.375,0.375,0.49642857142857144,6.710714285714285,0.03571428571428571,0.060714285714285714,97,93,35,0.36082474226804123,1
Chris Redman,RedmCh00,18.375,34.125,199.5,1.375,1.125,2.625,0.0,0.375,0.375,0.5384615384615384,5.846153846153846,0.040293040293040296,0.03296703296703297,16,12,6,0.375,0
Chris Simms,SimmCh00,22.625,37.5,242.125,0.875,1.0,4.0,0.0,0.5,0.5,0.6033333333333334,6.456666666666667,0.023333333333333334,0.02666666666666667,17,15,6,0.35294117647058826,0
Chris Weinke,WeinCh00,24.0,42.625,242.25,1.0,1.75,1.875,0.0,0.125,0.125,0.5630498533724341,5.683284457478006,0.02346041055718475,0.04105571847507331,19,18,1,0.05263157894736842,0
Christian Ponder,PondCh00,19.25,35.125,228.125,1.625,1.5,3.625,0.75,0.25,0.25,0.5480427046263345,6.494661921708185,0.046263345195729534,0.042704626334519574,35,34,13,0.37142857142857144,0
Chuck Long,LongCh00,23.375,41.25,252.25,1.125,1.875,2.625,0.0,0.125,0.125,0.5666666666666667,6.115151515151515,0.02727272727272727,0.045454545454545456,20,20,4,0.2,0
Cliff Stoudt,StouCl00,16.125,29.25,220.375,0.75,1.625,2.25,0.0,0.625,0.625,0.5512820512820513,7.534188034188034,0.02564102564102564,0.05555555555555555,26,21,11,0.4230769230769231,0
Cody Carlson,CarlCo00,14.625,25.625,178.875,1.375,1.125,2.0,0.0,0.5,0.375,0.5707317073170731,6.980487804878049,0.05365853658536585,0.04390243902439024,24,17,10,0.4166666666666667,0
Colin Kaepernick,KaepCo00,21.375,34.5,283.0,1.625,0.75,2.375,1.125,0.75,0.75,0.6195652173913043,8.202898550724637,0.04710144927536232,0.021739130434782608,64,63,32,0.5,1
Colt McCoy,McCoCo00,22.0,36.75,250.0,1.125,1.25,3.25,0.375,0.375,0.375,0.5986394557823129,6.802721088435374,0.030612244897959183,0.034013605442176874,27,24,9,0.3333333333333333,0
Cotton Davidson,DaviCo00,16.25,32.875,209.75,0.875,2.0,0.0,0.0,0.5,0.375,0.49429657794676807,6.380228136882129,0.026615969581749048,0.060836501901140684,67,52,26,0.3880597014925373,0
Craig Erickson,EricCr00,17.25,32.75,234.5,1.5,1.625,2.75,0.0,0.375,0.375,0.5267175572519084,7.1603053435114505,0.04580152671755725,0.04961832061068702,38,35,14,0.3684210526315789,0
Craig Morton,MortCr00,13.125,25.625,183.5,1.75,1.625,0.0,0.0,0.625,0.375,0.5121951219512195,7.160975609756098,0.06829268292682927,0.06341463414634146,162,145,90,0.5555555555555556,1
Craig Whelihan,WhelCr00,16.875,33.375,194.25,1.0,1.25,2.75,0.0,0.0,0.0,0.5056179775280899,5.820224719101123,0.0299625468164794,0.03745318352059925,17,14,2,0.11764705882352941,0
Damon Huard,HuarDa00,20.625,35.75,202.5,1.125,0.875,4.375,0.0,0.75,0.625,0.5769230769230769,5.664335664335664,0.03146853146853147,0.024475524475524476,34,26,16,0.47058823529411764,0
Dan Darragh,DarrDa00,11.125,25.875,114.625,0.375,1.625,0.0,0.0,0.125,0.125,0.42995169082125606,4.429951690821256,0.014492753623188406,0.06280193236714976,14,10,1,0.07142857142857142,0
Dan Fouts+,FoutDa00,14.625,31.125,205.125,1.0,1.75,0.0,0.0,0.125,0.125,0.46987951807228917,6.590361445783133,0.0321285140562249,0.05622489959839357,178,174,89,0.5,1
Dan Marino+,MariDa00,19.5,33.75,251.875,2.375,0.625,1.25,0.0,0.75,0.75,0.5777777777777777,7.462962962962963,0.07037037037037037,0.018518518518518517,258,256,154,0.5968992248062015,1
Dan Orlovsky,OrloDa00,22.0,37.25,250.75,1.25,1.0,2.125,0.375,0.0,0.0,0.5906040268456376,6.731543624161074,0.03355704697986577,0.026845637583892617,15,12,2,0.13333333333333333,0
Dan Pastorini,PastDa00,15.375,32.625,201.5,0.875,2.375,0.0,0.0,0.5,0.5,0.47126436781609193,6.176245210727969,0.02681992337164751,0.07279693486590039,127,117,57,0.44881889763779526,1
Danny Kanell,KaneDa00,16.25,31.625,180.375,0.875,0.625,2.375,0.0,0.75,0.5,0.5138339920948617,5.703557312252965,0.02766798418972332,0.019762845849802372,35,25,12,0.34285714285714286,0
Danny White,dw1,19.5,31.25,239.0,1.75,1.125,0.0,0.0,0.75,0.75,0.624,7.648,0.056,0.036,106,99,68,0.6415094339622641,1
Daryle Lamonica,LamoDa00,8.375,19.75,146.375,0.875,1.25,0.0,0.0,0.75,0.25,0.4240506329113924,7.4113924050632916,0.04430379746835443,0.06329113924050633,107,91,72,0.6728971962616822,1
Daunte Culpepper,CulpDa00,23.75,38.75,320.25,2.5,1.625,3.25,0.0,1.0,1.0,0.6129032258064516,8.264516129032257,0.06451612903225806,0.041935483870967745,104,101,44,0.4230769230769231,1
Dave Brown,BrowDa00,16.875,29.75,208.0,1.125,1.5,2.875,0.0,0.5,0.5,0.5672268907563025,6.991596638655462,0.037815126050420166,0.05042016806722689,59,57,23,0.3898305084745763,0
Dave Krieg,KrieDa00,18.25,30.125,231.875,1.75,1.0,3.5,0.0,0.625,0.5,0.6058091286307054,7.6970954356846475,0.058091286307053944,0.03319502074688797,192,181,103,0.5364583333333334,1
David Archer,ArchDa00,13.375,26.375,159.625,0.625,1.5,4.0,0.0,0.375,0.25,0.5071090047393365,6.052132701421801,0.023696682464454975,0.05687203791469194,27,23,10,0.37037037037037035,0
David Carr,CarrDa00,18.5,33.875,224.625,1.125,1.375,6.625,0.0,0.25,0.25,0.5461254612546126,6.630996309963099,0.033210332103321034,0.04059040590405904,79,75,22,0.27848101265822783,0
David Garrard,GarrDa00,18.5,33.25,197.5,1.0,0.25,1.875,0.0,0.625,0.5,0.556390977443609,5.93984962406015,0.03007518796992481,0.007518796992481203,81,78,41,0.5061728395061729,1
David Klingler,KlinDa00,16.375,31.75,173.375,0.625,0.875,4.75,0.0,0.125,0.125,0.515748031496063,5.460629921259843,0.01968503937007874,0.027559055118110236,26,23,4,0.15384615384615385,0
DeShone Kizer,KizeDe00,20.75,39.125,227.875,0.625,1.75,3.0,0.875,0.0,0.0,0.5303514376996805,5.824281150159744,0.01597444089456869,0.04472843450479233,15,15,0,0.0,0
Dennis Shaw,ShawDe00,16.125,28.375,246.125,1.125,1.875,0.0,0.0,0.375,0.375,0.5682819383259912,8.674008810572687,0.039647577092511016,0.06607929515418502,37,33,7,0.1891891891891892,0
Dick Shiner,ShinDi00,12.25,24.5,178.75,1.625,1.0,0.0,0.0,0.25,0.25,0.5,7.295918367346939,0.0663265306122449,0.04081632653061224,30,24,6,0.2,0
Dieter Brock,BrocDi00,19.375,33.25,240.875,1.25,1.5,4.375,0.0,1.0,1.0,0.5827067669172933,7.2443609022556394,0.03759398496240601,0.045112781954887216,16,16,12,0.75,0
Don Heinrich,HeinDo00,7.625,19.625,121.375,0.875,0.75,0.0,0.0,0.75,0.625,0.3885350318471338,6.1847133757961785,0.044585987261146494,0.03821656050955414,14,11,6,0.42857142857142855,0
Don Horn,HornDo00,13.75,25.375,230.75,1.75,1.5,0.0,0.0,0.625,0.5,0.541871921182266,9.0935960591133,0.06896551724137931,0.059113300492610835,19,13,7,0.3684210526315789,0
Don Majkowski,MajkDo00,13.625,27.875,194.0,1.0,0.5,2.25,0.0,0.5,0.5,0.48878923766816146,6.959641255605381,0.03587443946188341,0.017937219730941704,64,55,26,0.40625,0
Don Meredith,MereDo00,13.0,26.5,145.625,1.125,1.625,0.0,0.0,0.375,0.25,0.49056603773584906,5.495283018867925,0.04245283018867924,0.06132075471698113,96,83,48,0.5,1
Don Strock,StroDo00,12.5,23.75,157.125,1.75,1.125,0.0,0.0,0.75,0.75,0.5263157894736842,6.61578947368421,0.07368421052631578,0.04736842105263158,31,18,16,0.5161290322580645,0
Don Trull,TrulDo00,10.125,23.375,143.625,1.25,0.625,0.0,0.0,0.125,0.0,0.43315508021390375,6.144385026737968,0.053475935828877004,0.026737967914438502,23,13,6,0.2608695652173913,0
Donovan McNabb,McNaDo00,14.75,29.375,130.0,1.125,1.125,3.125,0.0,0.375,0.375,0.502127659574468,4.425531914893617,0.03829787234042553,0.03829787234042553,178,175,106,0.5955056179775281,1
Doug Flutie,FlutDo00,12.375,24.25,164.5,1.375,1.125,1.625,0.0,1.0,0.75,0.5103092783505154,6.783505154639175,0.05670103092783505,0.04639175257731959,76,67,40,0.5263157894736842,1
Doug Johnson,JohnDo00,19.625,33.5,235.375,1.125,1.875,3.25,0.0,0.25,0.25,0.585820895522388,7.026119402985074,0.033582089552238806,0.055970149253731345,12,10,2,0.16666666666666666,0
Doug Pederson,PedeDo00,15.75,29.25,168.875,1.125,1.125,2.375,0.0,0.25,0.25,0.5384615384615384,5.773504273504273,0.038461538461538464,0.038461538461538464,20,16,4,0.2,0
Drew Bledsoe,BledDr00,19.875,41.0,226.5,1.0,1.625,1.875,0.0,0.25,0.25,0.4847560975609756,5.524390243902439,0.024390243902439025,0.039634146341463415,200,198,102,0.51,1
Drew Brees,BreeDr00,22.0,35.75,235.5,1.375,1.25,1.625,0.0,0.75,0.75,0.6153846153846154,6.5874125874125875,0.038461538461538464,0.03496503496503497,268,267,155,0.5783582089552238,1
Drew Stanton,StanDr00,17.125,32.0,194.625,0.75,1.125,2.0,0.5,0.5,0.5,0.53515625,6.08203125,0.0234375,0.03515625,23,17,11,0.4782608695652174,0
EJ Manuel,ManuEJ00,22.5,38.25,246.5,1.375,1.125,3.5,0.75,0.5,0.5,0.5882352941176471,6.444444444444445,0.03594771241830065,0.029411764705882353,19,18,6,0.3157894736842105,0
Earl Morrall,MorrEa00,15.375,29.5,233.375,1.125,1.5,0.0,0.0,0.5,0.5,0.5211864406779662,7.911016949152542,0.038135593220338986,0.05084745762711865,118,99,66,0.559322033898305,1
Eddie LeBaron,LeBaEd00,12.0,23.625,179.0,1.625,1.75,0.0,0.0,0.25,0.125,0.5079365079365079,7.576719576719577,0.06878306878306878,0.07407407407407407,71,56,22,0.30985915492957744,0
Eli Manning,MannEl00,17.375,34.5,208.25,1.375,1.375,2.125,0.0,0.375,0.375,0.5036231884057971,6.036231884057971,0.03985507246376811,0.03985507246376811,233,233,119,0.5107296137339056,1
Elvis Grbac,GrbaEl00,25.5,38.25,284.0,1.875,1.125,0.875,0.0,0.75,0.625,0.6666666666666666,7.42483660130719,0.049019607843137254,0.029411764705882353,79,73,43,0.5443037974683544,1
Eric Hipple,HippEr00,15.25,31.375,269.125,1.625,1.625,3.0,0.0,0.75,0.75,0.4860557768924303,8.577689243027889,0.05179282868525897,0.05179282868525897,60,56,27,0.45,0
Erik Kramer,KramEr00,18.5,35.875,223.125,1.5,1.375,2.375,0.0,0.75,0.625,0.5156794425087108,6.219512195121951,0.041811846689895474,0.03832752613240418,75,68,34,0.4533333333333333,1
Fran Tarkenton+,TarkFr00,16.125,27.25,209.5,1.625,1.625,0.0,0.0,0.375,0.25,0.591743119266055,7.6880733944954125,0.05963302752293578,0.05963302752293578,250,247,131,0.524,1
Frank Reich,ReicFr00,14.0,24.625,164.125,1.25,0.625,2.375,0.0,0.625,0.375,0.5685279187817259,6.66497461928934,0.050761421319796954,0.025380710659898477,34,21,8,0.23529411764705882,0
Frank Ryan,RyanFr00,9.375,20.625,150.25,1.125,1.0,0.0,0.0,0.25,0.25,0.45454545454545453,7.284848484848485,0.05454545454545454,0.048484848484848485,94,83,56,0.5957446808510638,1
Frank Tripucka,TripFr00,13.25,27.5,147.875,0.875,2.5,0.0,0.0,0.25,0.25,0.4818181818181818,5.377272727272727,0.031818181818181815,0.09090909090909091,53,50,16,0.3018867924528302,0
Frankie Albert,AlbeFr00,16.125,31.25,184.125,1.375,2.5,0.0,0.0,0.25,0.25,0.516,5.892,0.044,0.08,30,28,13,0.43333333333333335,0
Gary Cuozzo,CuozGa00,13.75,27.125,169.875,1.25,1.25,0.0,0.0,0.25,0.125,0.5069124423963134,6.2626728110599075,0.04608294930875576,0.04608294930875576,47,35,22,0.46808510638297873,0
Gary Danielson,DaniGa00,15.375,30.625,164.75,1.0,1.25,0.0,0.0,0.5,0.375,0.5020408163265306,5.3795918367346935,0.0326530612244898,0.04081632653061224,74,58,33,0.44594594594594594,1
Gary Hogeboom,HogeGa00,21.625,40.25,265.5,0.875,1.5,2.875,0.0,0.75,0.75,0.5372670807453416,6.596273291925466,0.021739130434782608,0.037267080745341616,46,36,20,0.43478260869565216,0
Gary Huff,HuffGa00,14.375,30.625,170.125,0.75,1.75,0.0,0.0,0.25,0.25,0.46938775510204084,5.555102040816327,0.024489795918367346,0.05714285714285714,32,27,6,0.1875,0
Geno Smith,SmitGe00,20.75,36.875,262.5,1.0,2.0,4.25,1.0,0.625,0.625,0.5627118644067797,7.11864406779661,0.02711864406779661,0.05423728813559322,30,28,11,0.36666666666666664,0
George Blanda+,BlanGe00,15.125,33.625,198.375,1.75,2.5,0.0,0.0,0.375,0.25,0.44981412639405205,5.899628252788104,0.05204460966542751,0.07434944237918216,130,104,63,0.4846153846153846,1
George Ratterman,RattGe00,14.875,30.75,248.5,2.625,2.625,0.0,0.0,0.75,0.75,0.483739837398374,8.08130081300813,0.08536585365853659,0.08536585365853659,27,18,15,0.5555555555555556,0
George Shaw,ShawGe00,12.75,24.5,167.5,1.0,2.25,0.0,0.0,0.625,0.625,0.5204081632653061,6.836734693877551,0.04081632653061224,0.09183673469387756,34,26,12,0.35294117647058826,0
Gifford Nielsen,NielGi00,14.875,25.625,170.625,1.25,0.875,1.75,0.0,0.625,0.375,0.5804878048780487,6.658536585365853,0.04878048780487805,0.03414634146341464,20,14,6,0.3,0
Greg Landry,LandGr00,13.125,26.125,147.75,0.875,2.25,0.0,0.0,0.625,0.625,0.5023923444976076,5.655502392344498,0.03349282296650718,0.0861244019138756,98,93,41,0.41836734693877553,1
Gus Frerotte,FrerGu00,20.125,38.375,270.0,2.0,1.25,1.875,0.0,0.375,0.25,0.5244299674267101,7.035830618892508,0.05211726384364821,0.03257328990228013,102,92,50,0.49019607843137253,1
Heath Shuler,ShulHe00,14.625,32.5,207.375,1.25,1.625,1.75,0.0,0.25,0.25,0.45,6.380769230769231,0.038461538461538464,0.05,23,21,8,0.34782608695652173,0
Hugh Millen,MillHu00,18.75,31.125,229.875,0.5,1.0,4.625,0.0,0.5,0.5,0.6024096385542169,7.385542168674699,0.01606425702811245,0.0321285140562249,32,25,8,0.25,0
J.P. Losman,LosmJ.00,16.0,31.375,188.0,1.0,1.0,3.625,0.0,0.25,0.125,0.5099601593625498,5.99203187250996,0.03187250996015936,0.03187250996015936,35,32,11,0.3142857142857143,0
JaMarcus Russell,RussJa00,16.875,33.75,199.5,1.0,1.0,3.5,1.0,0.25,0.25,0.5,5.911111111111111,0.02962962962962963,0.02962962962962963,29,25,8,0.27586206896551724,0
Jack Concannon,ConcJa00,12.0,26.125,171.75,1.125,2.125,0.0,0.0,0.75,0.75,0.45933014354066987,6.574162679425838,0.0430622009569378,0.08133971291866028,41,40,16,0.3902439024390244,0
Jack Kemp,KempJa00,20.375,40.0,285.625,1.375,2.375,0.0,0.0,0.75,0.75,0.509375,7.140625,0.034375,0.059375,114,107,68,0.5964912280701754,1
Jack Thompson,ThomJa00,11.375,23.75,121.875,1.0,1.375,0.0,0.0,0.25,0.0,0.4789473684210526,5.131578947368421,0.042105263157894736,0.05789473684210526,33,21,7,0.21212121212121213,0
Jack Trudeau,TrudJa00,23.0,47.375,255.625,1.0,2.125,2.875,0.0,0.0,0.0,0.48548812664907653,5.395778364116095,0.021108179419525065,0.044854881266490766,55,47,19,0.34545454545454546,0
Jacoby Brissett,BrisJa00,23.875,39.125,275.875,0.875,0.5,4.5,1.0,0.5,0.5,0.610223642172524,7.05111821086262,0.022364217252396165,0.012779552715654952,17,17,5,0.29411764705882354,0
Jake Delhomme,DelhJa00,20.375,36.0,239.375,1.375,1.375,2.125,0.0,0.875,0.75,0.5659722222222222,6.649305555555555,0.03819444444444445,0.03819444444444445,107,104,62,0.5794392523364486,1
Jake Locker,LockJa00,21.875,38.625,283.125,1.625,1.125,1.875,0.5,0.25,0.25,0.5663430420711975,7.330097087378641,0.042071197411003236,0.02912621359223301,26,21,9,0.34615384615384615,0
Jake Plummer,PlumJa00,20.75,40.0,283.875,1.75,1.875,6.5,0.0,0.375,0.375,0.51875,7.096875,0.04375,0.046875,143,142,72,0.5034965034965035,1
Jarious Jackson,JackJa00,0.0,24.75,75.125,0.25,0.0,0.0,0.0,0.5,0.375,0.0,3.0353535353535355,0.010101010101010102,0.0,14,13,5,0.35714285714285715,0
Jason Campbell,CampJa00,19.25,36.375,239.75,1.5,1.125,1.5,0.0,0.5,0.5,0.5292096219931272,6.59106529209622,0.041237113402061855,0.030927835051546393,80,78,32,0.4,1
Jay Cutler,CutlJa00,22.375,36.125,269.875,1.625,1.375,2.375,0.0,0.5,0.5,0.6193771626297578,7.470588235294118,0.04498269896193772,0.03806228373702422,151,151,75,0.4966887417218543,1
Jay Fiedler,FiedJa00,17.75,31.25,212.5,1.375,1.375,2.0,0.0,0.875,0.75,0.568,6.8,0.044,0.044,65,62,40,0.6153846153846154,1
Jay Schroeder,SchrJa00,21.125,40.0,305.625,1.0,0.75,2.625,0.0,1.125,1.0,0.528125,7.640625,0.025,0.01875,107,99,62,0.5794392523364486,1
Jeff Blake,BlakJe00,21.875,42.125,300.375,1.875,1.125,2.375,0.0,0.5,0.5,0.5192878338278932,7.130563798219584,0.04451038575667656,0.026706231454005934,102,99,39,0.38235294117647056,1
Jeff Garcia,GarcJe00,23.625,40.75,262.0,1.125,1.25,1.5,0.0,0.25,0.25,0.5797546012269938,6.429447852760736,0.027607361963190184,0.03067484662576687,123,119,58,0.4715447154471545,1
Jeff George,GeorJe00,16.0,30.5,183.25,1.25,1.375,3.375,0.0,0.375,0.375,0.5245901639344263,6.008196721311475,0.040983606557377046,0.045081967213114756,127,123,45,0.3543307086614173,1
Jeff Hostetler,HostJe00,16.125,28.875,195.125,0.75,0.875,2.875,0.0,0.75,0.5,0.5584415584415584,6.757575757575758,0.025974025974025976,0.030303030303030304,91,86,55,0.6043956043956044,1
Jeff Kemp,KempJe00,11.75,22.875,161.125,1.25,0.375,2.75,0.0,0.625,0.625,0.5136612021857924,7.043715846994536,0.0546448087431694,0.01639344262295082,36,29,17,0.4722222222222222,0
Jeff Komlo,KomlJe00,17.0,32.25,208.875,1.25,1.75,0.0,0.0,0.125,0.125,0.5271317829457365,6.476744186046512,0.03875968992248062,0.05426356589147287,18,15,3,0.16666666666666666,0
Jeff Rutledge,RutlJe00,19.375,38.5,252.75,1.0,2.125,3.0,0.0,0.375,0.125,0.5032467532467533,6.564935064935065,0.025974025974025976,0.05519480519480519,16,10,6,0.375,0
Jerry Tagge,TaggJe00,12.0,24.125,150.25,0.375,1.5,0.0,0.0,0.625,0.625,0.49740932642487046,6.227979274611399,0.015544041450777202,0.06217616580310881,12,11,5,0.4166666666666667,0
Jim Everett,EverJi00,17.25,35.375,213.25,1.125,1.75,2.0,0.0,0.375,0.375,0.4876325088339223,6.028268551236749,0.03180212014134275,0.04946996466431095,161,157,66,0.40993788819875776,1
Jim Finks+,FinkJi00,15.875,33.375,231.0,1.875,2.0,0.0,0.0,0.5,0.375,0.4756554307116105,6.921348314606742,0.056179775280898875,0.0599250936329588,45,44,19,0.4222222222222222,0
Jim Harbaugh,HarbJi00,16.0,27.875,165.625,0.25,0.875,2.625,0.0,0.5,0.25,0.5739910313901345,5.941704035874439,0.008968609865470852,0.03139013452914798,149,137,68,0.4563758389261745,1
Jim Hardy,HardJi00,15.75,34.125,216.25,2.0,3.25,0.0,0.0,0.5,0.375,0.46153846153846156,6.336996336996337,0.05860805860805861,0.09523809523809523,16,10,7,0.4375,0
Jim Hart,HartJi00,16.625,34.25,268.625,1.625,2.25,0.0,0.0,0.625,0.625,0.4854014598540146,7.843065693430657,0.04744525547445255,0.06569343065693431,184,175,85,0.46195652173913043,1
Jim Kelly+,KellJi00,23.125,38.375,285.5,1.875,1.5,2.75,0.0,0.25,0.25,0.6026058631921825,7.4397394136807815,0.048859934853420196,0.03908794788273615,173,173,108,0.6242774566473989,1
Jim McMahon,McMaJi00,19.5,32.875,255.125,1.375,1.25,4.375,0.0,0.5,0.5,0.5931558935361216,7.760456273764259,0.04182509505703422,0.03802281368821293,105,98,71,0.6761904761904762,1
Jim Miller,MillJi00,23.625,39.375,258.0,1.25,1.375,1.5,0.0,0.375,0.25,0.6,6.552380952380952,0.031746031746031744,0.03492063492063492,35,27,18,0.5142857142857142,0
Jim Ninowski,NinoJi00,16.625,35.0,198.875,0.25,2.125,0.0,0.0,0.625,0.625,0.475,5.682142857142857,0.007142857142857143,0.060714285714285714,39,28,16,0.41025641025641024,0
Jim Plunkett,PlunJi00,13.0,29.375,181.375,1.75,1.5,0.0,0.0,0.5,0.5,0.4425531914893617,6.174468085106383,0.059574468085106386,0.05106382978723404,152,148,77,0.506578947368421,1
Jimmy Clausen,ClauJi00,16.0,30.125,163.0,0.25,0.875,3.25,1.0,0.125,0.125,0.5311203319502075,5.410788381742739,0.008298755186721992,0.029045643153526972,17,14,1,0.058823529411764705,0
Joe Ferguson,FergJo00,10.625,21.375,129.75,0.75,1.0,0.0,0.0,0.75,0.75,0.49707602339181284,6.0701754385964914,0.03508771929824561,0.04678362573099415,167,162,75,0.4491017964071856,1
Joe Flacco,FlacJo00,21.375,34.5,226.625,1.0,1.125,2.25,0.875,0.75,0.75,0.6195652173913043,6.568840579710145,0.028985507246376812,0.03260869565217391,176,176,105,0.5965909090909091,1
Joe Kapp,KappJo00,11.125,23.125,153.25,0.875,1.5,0.0,0.0,0.375,0.375,0.4810810810810811,6.627027027027027,0.03783783783783784,0.06486486486486487,46,44,21,0.45652173913043476,0
Joe Namath+,NamaJo00,17.5,35.625,238.875,1.875,1.625,0.0,0.0,0.375,0.25,0.49122807017543857,6.705263157894737,0.05263157894736842,0.0456140350877193,134,126,63,0.4701492537313433,1
Joe Pisarcik,PisaJo00,13.25,29.25,161.625,0.5,1.875,0.0,0.0,0.375,0.25,0.452991452991453,5.5256410256410255,0.017094017094017096,0.0641025641025641,32,24,9,0.28125,0
Joe Reed,ReedJo00,11.375,24.375,127.625,0.625,1.625,0.0,0.0,0.625,0.625,0.4666666666666667,5.235897435897436,0.02564102564102564,0.06666666666666667,24,17,8,0.3333333333333333,0
Joe Theismann,TheiJo00,15.25,31.75,199.0,1.375,2.125,0.0,0.0,0.625,0.625,0.48031496062992124,6.267716535433071,0.04330708661417323,0.06692913385826772,133,130,82,0.6165413533834586,1
Joey Harrington,HarrJo00,21.25,42.5,240.125,1.375,1.5,0.875,0.0,0.375,0.375,0.5,5.65,0.03235294117647059,0.03529411764705882,77,74,26,0.33766233766233766,0
John Brodie,BrodJo00,15.75,28.0,192.5,0.875,2.25,0.0,0.0,0.75,0.625,0.5625,6.875,0.03125,0.08035714285714286,169,159,81,0.47928994082840237,1
John Elway+,ElwaJo00,15.75,31.75,217.5,1.0,1.625,2.75,0.0,0.5,0.5,0.49606299212598426,6.850393700787402,0.031496062992125984,0.051181102362204724,247,245,159,0.6437246963562753,1
John Fourcade,FourJo00,17.375,33.875,248.0,1.5,1.75,2.5,0.0,0.75,0.75,0.5129151291512916,7.321033210332104,0.04428044280442804,0.05166051660516605,12,10,6,0.5,0
John Friesz,FrieJo00,21.625,40.25,232.875,1.125,1.125,2.375,0.0,0.125,0.125,0.5372670807453416,5.785714285714286,0.027950310559006212,0.027950310559006212,46,36,15,0.32608695652173914,0
John Hadl,HadlJo00,12.625,30.75,195.875,1.75,2.625,0.0,0.0,0.375,0.125,0.4105691056910569,6.369918699186992,0.056910569105691054,0.08536585365853659,179,163,88,0.49162011173184356,1
John McCormick,McCoJo00,11.5,28.375,141.375,0.75,1.375,0.0,0.0,0.625,0.5,0.4052863436123348,4.9823788546255505,0.02643171806167401,0.048458149779735685,20,12,6,0.3,0
John Reaves,ReavJo00,13.125,27.125,182.75,0.875,1.375,0.0,0.0,0.0,0.0,0.4838709677419355,6.7373271889400925,0.03225806451612903,0.05069124423963134,26,15,5,0.19230769230769232,0
John Roach,RoacJo00,10.625,22.625,172.75,1.75,1.75,0.0,0.0,0.5,0.25,0.4696132596685083,7.6353591160221,0.07734806629834254,0.07734806629834254,17,14,8,0.47058823529411764,0
John Skelton,SkelJo00,20.375,38.875,245.25,1.25,1.5,3.0,0.75,0.875,0.75,0.5241157556270096,6.308681672025723,0.03215434083601286,0.03858520900321544,17,16,9,0.5294117647058824,0
Johnny Green,GreeJo00,12.125,30.875,184.75,1.5,1.5,0.0,0.0,0.5,0.375,0.39271255060728744,5.983805668016195,0.048582995951417005,0.048582995951417005,21,17,9,0.42857142857142855,0
Johnny Lujack,LujaJo00,13.125,27.75,186.625,0.375,2.25,0.0,0.0,0.875,0.875,0.47297297297297297,6.725225225225225,0.013513513513513514,0.08108108108108109,20,18,12,0.6,0
Johnny Unitas+,UnitJo00,15.5,27.375,217.375,1.625,1.5,0.0,0.0,0.625,0.5,0.5662100456621004,7.940639269406392,0.0593607305936073,0.0547945205479452,195,187,125,0.6410256410256411,1
Jon Kitna,KitnJo00,21.75,37.25,267.5,1.5,1.375,2.75,0.0,0.75,0.75,0.5838926174496645,7.181208053691275,0.040268456375838924,0.03691275167785235,134,125,50,0.373134328358209,1
Josh Freeman,FreeJo00,21.625,39.25,252.625,1.5,2.375,2.625,1.125,0.5,0.5,0.5509554140127388,6.436305732484076,0.03821656050955414,0.06050955414012739,61,61,25,0.4098360655737705,0
Josh McCown,McCoJo00,11.5,28.375,141.375,0.75,1.375,0.0,0.0,0.625,0.5,0.4052863436123348,4.9823788546255505,0.02643171806167401,0.048458149779735685,20,12,6,0.3,0
Karl Sweetan,SweeKa00,20.0,39.75,235.75,0.625,2.0,0.0,0.0,0.25,0.25,0.5031446540880503,5.930817610062893,0.015723270440251572,0.050314465408805034,20,17,6,0.3,0
Kellen Clemens,ClemKe00,20.25,37.25,229.25,0.75,1.125,3.75,0.125,0.5,0.5,0.5436241610738255,6.154362416107382,0.020134228187919462,0.030201342281879196,21,20,8,0.38095238095238093,0
Kelly Holcomb,HolcKe00,21.375,35.5,234.0,1.625,1.625,2.5,0.0,0.375,0.25,0.602112676056338,6.591549295774648,0.045774647887323945,0.045774647887323945,30,24,8,0.26666666666666666,0
Kelly Stouffer,StouKe00,16.375,29.875,178.125,0.5,1.0,2.75,0.0,0.375,0.375,0.5481171548117155,5.96234309623431,0.016736401673640166,0.03347280334728033,17,14,5,0.29411764705882354,0
Ken Anderson,AndeKe00,14.0,25.875,151.875,0.75,0.875,0.0,0.0,0.375,0.25,0.5410628019323671,5.869565217391305,0.028985507246376812,0.033816425120772944,172,165,91,0.5290697674418605,1
Ken Dorsey,DorsKe00,20.75,38.25,207.25,1.0,1.25,2.25,0.0,0.25,0.25,0.5424836601307189,5.4183006535947715,0.026143790849673203,0.032679738562091505,13,12,2,0.15384615384615385,0
Ken Stabler+,StabKe00,17.0,26.5,220.25,1.25,0.875,3.375,0.0,0.75,0.5,0.6415094339622641,8.31132075471698,0.04716981132075472,0.0330188679245283,159,151,102,0.6415094339622641,1
Kent Graham,GrahKe00,11.25,24.625,127.125,0.625,1.0,1.75,0.0,0.125,0.0,0.45685279187817257,5.16243654822335,0.025380710659898477,0.04060913705583756,45,36,19,0.4222222222222222,0
Kerry Collins,CollKe00,18.875,37.125,242.0,1.5,1.875,2.625,0.0,0.625,0.625,0.5084175084175084,6.518518518518518,0.04040404040404041,0.050505050505050504,196,186,89,0.45408163265306123,1
Kevin Kolb,KolbKe00,25.0,40.625,287.0,1.625,1.5,2.125,1.125,0.625,0.5,0.6153846153846154,7.064615384615385,0.04,0.036923076923076927,22,19,9,0.4090909090909091,0
King Hill,HillKi00,11.375,24.875,142.125,0.875,1.875,0.0,0.0,0.25,0.25,0.457286432160804,5.71356783919598,0.035175879396984924,0.07537688442211055,35,25,7,0.2,0
Kirk Cousins,CousKi00,27.25,46.375,338.25,2.0,1.75,1.75,0.625,0.25,0.125,0.5876010781671159,7.293800539083558,0.0431266846361186,0.03773584905660377,69,67,32,0.463768115942029,1
Kordell Stewart,StewKo00,16.375,30.125,205.5,1.5,1.5,1.875,0.0,0.75,0.75,0.5435684647302904,6.821576763485477,0.04979253112033195,0.04979253112033195,91,86,52,0.5714285714285714,1
Kurt Warner+,WarnKu00,24.375,36.25,310.875,3.25,0.75,2.375,0.0,0.875,0.875,0.6724137931034483,8.575862068965517,0.0896551724137931,0.020689655172413793,131,125,79,0.6030534351145038,1
Kyle Boller,BollKy00,17.125,32.625,180.125,0.875,1.375,2.5,0.0,0.625,0.625,0.524904214559387,5.521072796934866,0.02681992337164751,0.0421455938697318,52,47,22,0.4230769230769231,0
Kyle Orton,OrtoKy00,18.125,33.0,173.625,1.0,1.375,2.25,0.125,0.875,0.875,0.5492424242424242,5.261363636363637,0.030303030303030304,0.041666666666666664,82,81,41,0.5,1
Lamar McHan,McHaLa00,10.25,24.5,149.25,0.625,1.75,0.0,0.0,0.25,0.125,0.41836734693877553,6.091836734693878,0.025510204081632654,0.07142857142857142,64,57,21,0.328125,0
Len Dawson+,DawsLe00,17.0,27.375,236.5,2.25,1.375,0.0,0.0,1.0,0.875,0.6210045662100456,8.639269406392694,0.0821917808219178,0.0502283105022831,163,158,100,0.6134969325153374,1
Luke McCown,McCoLu00,21.125,34.375,237.875,1.125,1.25,3.375,0.25,0.25,0.25,0.6145454545454545,6.92,0.03272727272727273,0.03636363636363636,13,10,2,0.15384615384615385,0
Lynn Dickey,DickLy00,15.0,28.875,198.875,1.0,2.625,0.0,0.0,0.25,0.25,0.5194805194805194,6.887445887445887,0.03463203463203463,0.09090909090909091,113,108,46,0.40707964601769914,1
Marc Bulger,BulgMa00,29.25,44.875,362.625,2.625,1.375,2.125,0.0,1.125,1.125,0.6518105849582173,8.080779944289693,0.0584958217270195,0.03064066852367688,92,92,41,0.44565217391304346,1
Mark Brunell,BrunMa00,19.875,35.5,198.5,1.25,0.625,4.375,0.0,0.25,0.25,0.5598591549295775,5.591549295774648,0.035211267605633804,0.017605633802816902,161,156,83,0.515527950310559,1
Mark Herrmann,HerrMa00,18.375,30.75,233.875,0.875,2.25,4.0,0.0,0.25,0.25,0.5975609756097561,7.605691056910569,0.028455284552845527,0.07317073170731707,21,12,4,0.19047619047619047,0
Mark Malone,MaloMa00,16.125,31.125,216.125,1.5,2.0,3.0,0.0,0.375,0.375,0.5180722891566265,6.943775100401607,0.04819277108433735,0.0642570281124498,59,53,23,0.3898305084745763,0
Mark Rypien,RypiMa00,18.125,32.125,286.625,2.875,1.875,2.125,0.0,0.375,0.375,0.5642023346303502,8.922178988326849,0.08949416342412451,0.058365758754863814,95,84,54,0.5684210526315789,1
Mark Sanchez,SancMa00,17.25,33.125,223.875,1.25,2.0,2.125,1.125,0.5,0.5,0.5207547169811321,6.758490566037736,0.03773584905660377,0.06037735849056604,80,77,41,0.5125,1
Marty Domres,DomrMa00,12.0,23.625,150.0,0.625,1.125,0.0,0.0,0.625,0.625,0.5079365079365079,6.349206349206349,0.026455026455026454,0.047619047619047616,33,27,11,0.3333333333333333,0
Matt Cassel,CassMa00,23.625,35.625,246.0,1.125,0.875,3.75,0.5,0.75,0.625,0.6631578947368421,6.905263157894737,0.031578947368421054,0.02456140350877193,85,78,36,0.4235294117647059,1
Matt Cavanaugh,CavaMa00,14.625,27.25,213.75,1.25,2.0,1.375,0.0,0.625,0.5,0.536697247706422,7.844036697247707,0.045871559633027525,0.07339449541284404,26,18,11,0.4230769230769231,0
Matt Hasselbeck,HassMa00,17.5,31.375,192.0,0.75,0.625,3.625,0.0,0.5,0.5,0.5577689243027888,6.1195219123505975,0.02390438247011952,0.0199203187250996,174,168,92,0.5287356321839081,1
Matt Leinart,LeinMa00,24.875,44.375,291.375,1.25,1.375,2.375,0.0,0.375,0.375,0.5605633802816902,6.566197183098591,0.028169014084507043,0.030985915492957747,22,18,9,0.4090909090909091,0
Matt Ryan,RyanMa00,21.125,35.375,269.875,1.375,0.75,1.5,0.25,0.75,0.75,0.5971731448763251,7.628975265017668,0.038869257950530034,0.02120141342756184,174,174,101,0.5804597701149425,1
Matt Schaub,SchaMa00,21.125,33.5,243.5,1.375,0.875,2.125,0.0,0.375,0.25,0.6305970149253731,7.268656716417911,0.041044776119402986,0.026119402985074626,98,92,49,0.5,1
Matthew Stafford,StafMa00,25.125,47.125,283.375,1.625,2.5,3.0,0.5,0.25,0.25,0.53315649867374,6.013262599469496,0.034482758620689655,0.05305039787798409,136,136,63,0.4632352941176471,1
Michael Vick,VickMi00,14.25,26.125,183.25,0.75,0.375,3.75,0.0,0.375,0.375,0.5454545454545454,7.014354066985646,0.028708133971291867,0.014354066985645933,119,113,61,0.5126050420168067,1
Mickey Slaughter,SlauMi00,15.375,29.25,213.25,1.625,1.875,0.0,0.0,0.125,0.125,0.5256410256410257,7.2905982905982905,0.05555555555555555,0.0641025641025641,21,12,2,0.09523809523809523,0
Mike Boryla,BoryMi00,18.25,33.25,194.375,1.375,1.75,0.0,0.0,0.625,0.625,0.5488721804511278,5.845864661654136,0.041353383458646614,0.05263157894736842,19,17,8,0.42105263157894735,0
Mike Glennon,GlenMi00,23.875,39.375,256.5,1.875,0.875,3.375,0.75,0.5,0.5,0.6063492063492063,6.514285714285714,0.047619047619047616,0.022222222222222223,24,22,6,0.25,0
Mike Livingston,LiviMi00,15.25,28.5,195.625,1.0,1.125,0.0,0.0,1.0,1.0,0.5350877192982456,6.864035087719298,0.03508771929824561,0.039473684210526314,69,63,27,0.391304347826087,0
Mike McMahon,McMaMi00,14.25,33.375,192.25,1.25,1.375,3.625,0.0,0.125,0.125,0.42696629213483145,5.760299625468165,0.03745318352059925,0.04119850187265917,18,13,3,0.16666666666666666,0
Mike Pagel,PageMi00,16.0,31.5,196.625,0.875,1.0,2.25,0.0,0.125,0.125,0.5079365079365079,6.242063492063492,0.027777777777777776,0.031746031746031744,61,51,18,0.29508196721311475,0
Mike Phipps,PhipMi00,12.125,27.0,172.375,0.75,1.5,0.0,0.0,0.5,0.5,0.44907407407407407,6.3842592592592595,0.027777777777777776,0.05555555555555555,76,69,36,0.47368421052631576,1
Mike Taliaferro,TaliMi00,8.0,22.5,101.875,0.625,1.25,0.0,0.0,0.375,0.375,0.35555555555555557,4.527777777777778,0.027777777777777776,0.05555555555555555,39,31,11,0.28205128205128205,0
Mike Tomczak,TomcMi00,14.625,27.25,207.625,0.75,2.0,0.75,0.0,1.125,1.0,0.536697247706422,7.6192660550458715,0.027522935779816515,0.07339449541284404,91,72,46,0.5054945054945055,1
Milt Plum,PlumMi00,12.125,22.125,180.0,1.125,1.625,0.0,0.0,0.875,0.875,0.5480225988700564,8.135593220338983,0.05084745762711865,0.07344632768361582,103,98,54,0.5242718446601942,1
Neil Lomax,LomaNe00,18.125,34.375,236.875,0.75,1.25,4.75,0.0,0.625,0.625,0.5272727272727272,6.890909090909091,0.02181818181818182,0.03636363636363636,103,102,47,0.4563106796116505,1
Norm Snead,SneaNo00,15.25,32.875,204.875,0.875,2.125,0.0,0.0,0.0,0.0,0.46387832699619774,6.231939163498099,0.026615969581749048,0.06463878326996197,169,155,53,0.3136094674556213,1
Otto Graham+,GrahOt00,16.5,30.5,223.25,1.5,2.5,0.0,0.0,1.0,1.0,0.5409836065573771,7.319672131147541,0.04918032786885246,0.08196721311475409,74,74,59,0.7972972972972973,1
Pat Haden,HadePa00,13.875,24.375,195.75,1.375,0.625,0.0,0.0,0.875,0.875,0.5692307692307692,8.03076923076923,0.05641025641025641,0.02564102564102564,57,54,32,0.5614035087719298,1
Pat Ryan,RyanPa00,17.0,30.875,219.125,1.5,1.75,2.375,0.0,0.625,0.625,0.5506072874493927,7.097165991902834,0.048582995951417005,0.05668016194331984,26,19,12,0.46153846153846156,0
Patrick Ramsey,RamsPa00,22.75,41.5,303.5,1.75,1.0,3.875,0.0,0.625,0.5,0.5481927710843374,7.313253012048193,0.04216867469879518,0.024096385542168676,28,23,11,0.39285714285714285,0
Paul McDonald,McDoPa00,17.875,36.25,231.625,1.125,1.875,3.75,0.0,0.375,0.375,0.49310344827586206,6.389655172413793,0.03103448275862069,0.05172413793103448,26,22,8,0.3076923076923077,0
Pete Beathard,BeatPe00,9.875,26.625,124.625,0.5,1.375,0.0,0.0,0.5,0.5,0.37089201877934275,4.68075117370892,0.018779342723004695,0.051643192488262914,50,36,19,0.38,0
Pete Liske,LiskPe00,15.25,28.75,175.875,1.5,1.375,0.0,0.0,0.75,0.625,0.5304347826086957,6.1173913043478265,0.05217391304347826,0.04782608695652174,33,26,13,0.3939393939393939,0
Peyton Manning,MannPe00,26.125,47.25,286.125,1.875,2.5,1.625,0.0,0.25,0.25,0.5529100529100529,6.055555555555555,0.03968253968253968,0.05291005291005291,289,289,198,0.6851211072664359,1
Phil Simms,SimmPh00,13.625,27.625,185.125,1.125,1.125,0.0,0.0,0.75,0.75,0.49321266968325794,6.701357466063349,0.04072398190045249,0.04072398190045249,168,166,100,0.5952380952380952,1
Philip Rivers,RivePh00,24.25,37.0,275.0,1.625,0.5,2.375,0.0,0.875,0.875,0.6554054054054054,7.4324324324324325,0.04391891891891892,0.013513513513513514,210,209,116,0.5523809523809524,1
Quincy Carter,CartQu00,17.125,32.5,205.0,0.875,1.125,2.375,0.0,0.5,0.5,0.5269230769230769,6.3076923076923075,0.026923076923076925,0.03461538461538462,34,34,18,0.5294117647058824,0
Ralph Guglielmi,GuglRa00,7.125,18.75,106.0,0.75,1.75,0.0,0.0,0.25,0.25,0.38,5.653333333333333,0.04,0.09333333333333334,26,20,5,0.19230769230769232,0
Randall Cunningham,CunnRa00,16.125,31.25,213.625,1.0,1.25,8.875,0.0,0.25,0.25,0.516,6.836,0.032,0.04,146,139,82,0.5616438356164384,1
Randy Johnson,JohnRa00,13.0,27.875,172.875,1.0,1.875,0.0,0.0,0.25,0.25,0.4663677130044843,6.201793721973094,0.03587443946188341,0.06726457399103139,53,44,9,0.16981132075471697,0
Ray Lucas,LucaRa00,21.75,37.125,222.125,1.75,1.0,1.5,0.0,0.75,0.75,0.5858585858585859,5.983164983164984,0.04713804713804714,0.026936026936026935,17,15,8,0.47058823529411764,0
Rex Grossman,GrosRe00,20.0,34.875,262.625,1.25,1.125,1.375,0.0,1.0,0.875,0.5734767025089605,7.530465949820789,0.035842293906810034,0.03225806451612903,52,49,30,0.5769230769230769,0
Rich Gannon,GannRi00,18.25,33.125,231.25,1.75,1.5,3.75,0.0,0.625,0.625,0.5509433962264151,6.981132075471698,0.052830188679245285,0.045283018867924525,142,134,79,0.5563380281690141,1
Richard Todd,ToddRi00,9.875,23.0,126.625,0.5,1.75,0.0,0.0,0.375,0.25,0.42934782608695654,5.505434782608695,0.021739130434782608,0.07608695652173914,111,107,49,0.44144144144144143,1
Rick Mirer,MireRi00,21.625,36.75,220.625,0.75,1.5,3.625,0.0,0.625,0.625,0.5884353741496599,6.003401360544218,0.02040816326530612,0.04081632653061224,72,68,24,0.3333333333333333,0
Rick Norton,NortRi00,13.25,33.125,159.125,0.375,2.375,0.0,0.0,0.0,0.0,0.4,4.80377358490566,0.011320754716981131,0.07169811320754717,13,10,1,0.07692307692307693,0
Rob Johnson,JohnRo00,19.875,30.125,268.5,2.25,0.625,5.375,0.0,0.75,0.75,0.6597510373443983,8.91286307053942,0.07468879668049792,0.02074688796680498,29,27,11,0.3793103448275862,0
Robert Griffin,rg3,23.25,34.625,274.125,1.5,0.375,2.75,1.125,0.5,0.5,0.6714801444043321,7.9169675090252705,0.04332129963898917,0.010830324909747292,41,40,14,0.34146341463414637,0
Rodney Peete,PeetRo00,17.25,32.5,234.375,1.125,1.5,4.5,0.0,0.5,0.5,0.5307692307692308,7.211538461538462,0.03461538461538462,0.046153846153846156,87,81,45,0.5172413793103449,1
Roger Staubach+,StauRo00,13.5,23.5,177.0,0.875,0.75,0.0,0.0,0.875,0.875,0.574468085106383,7.531914893617022,0.03723404255319149,0.031914893617021274,133,129,96,0.7218045112781954,1
Roman Gabriel,GabrRo00,14.125,29.125,185.875,0.625,0.625,0.0,0.0,0.25,0.25,0.48497854077253216,6.381974248927039,0.02145922746781116,0.02145922746781116,164,156,84,0.5121951219512195,1
Ron Jaworski,JawoRo00,11.375,23.625,149.625,0.875,1.875,0.0,0.0,0.875,0.625,0.48148148148148145,6.333333333333333,0.037037037037037035,0.07936507936507936,152,147,77,0.506578947368421,1
Ron Smith,SmitRo00,0.0,22.0,103.25,0.875,0.0,0.0,0.0,0.5,0.0,0.0,4.693181818181818,0.03977272727272727,0.0,76,25,51,0.6710526315789473,1
Rudy Bukich,BukiRu00,12.5,22.875,181.25,1.5,1.75,0.0,0.0,0.375,0.375,0.546448087431694,7.923497267759563,0.06557377049180328,0.07650273224043716,48,39,21,0.4375,0
Rusty Hilger,HilgRu00,15.0,33.5,193.375,1.0,1.5,4.375,0.0,0.25,0.25,0.44776119402985076,5.772388059701493,0.029850746268656716,0.04477611940298507,16,13,4,0.25,0
Ryan Fitzpatrick,FitzRy00,26.0,43.125,228.375,1.125,1.75,4.5,0.75,0.25,0.125,0.6028985507246377,5.2956521739130435,0.02608695652173913,0.04057971014492753,129,121,52,0.40310077519379844,1
Ryan Leaf,LeafRy00,13.875,30.625,161.125,0.25,1.875,2.75,0.0,0.375,0.375,0.4530612244897959,5.261224489795918,0.00816326530612245,0.061224489795918366,24,21,4,0.16666666666666666,0
Ryan Tannehill,TannRy00,24.375,41.125,294.375,0.875,1.5,2.375,0.5,0.5,0.5,0.5927051671732523,7.1580547112462005,0.02127659574468085,0.0364741641337386,81,81,39,0.48148148148148145,1
Sage Rosenfels,RoseSa00,18.5,30.875,225.625,1.875,1.5,0.625,0.0,0.375,0.125,0.5991902834008097,7.3076923076923075,0.06072874493927125,0.048582995951417005,20,11,8,0.4,0
Sam Bradford,BradSa00,28.5,47.0,269.75,1.75,1.125,2.5,0.375,0.5,0.5,0.6063829787234043,5.73936170212766,0.03723404255319149,0.023936170212765957,83,83,34,0.40963855421686746,1
Sam Etcheverry,EtchSa00,13.75,27.375,167.375,1.625,1.375,0.0,0.0,0.625,0.625,0.502283105022831,6.114155251141552,0.0593607305936073,0.0502283105022831,12,10,5,0.4166666666666667,0
Sammy Baugh+,BaugSa00,14.0,26.5,206.375,1.75,1.75,0.0,0.0,0.625,0.625,0.5283018867924528,7.787735849056604,0.0660377358490566,0.0660377358490566,19,16,10,0.5263157894736842,0
Scott Brunner,BrunSc00,14.25,32.875,169.125,0.875,2.0,1.0,0.0,0.5,0.5,0.43346007604562736,5.144486692015209,0.026615969581749048,0.060836501901140684,36,32,13,0.3611111111111111,0
Scott Campbell,CampSc00,17.5,34.25,231.375,1.5,2.0,3.75,0.0,0.25,0.125,0.5109489051094891,6.755474452554744,0.043795620437956206,0.058394160583941604,15,12,3,0.2,0
Scott Hunter,HuntSc00,10.625,23.0,178.625,1.125,1.125,0.0,0.0,0.75,0.75,0.46195652173913043,7.766304347826087,0.04891304347826087,0.04891304347826087,37,32,19,0.5135135135135135,0
Scott Mitchell,MitcSc00,20.875,38.0,273.5,1.875,1.25,1.625,0.0,0.625,0.5,0.5493421052631579,7.197368421052632,0.049342105263157895,0.03289473684210526,76,72,33,0.4342105263157895,1
Sean Salisbury,SaliSe00,19.125,32.625,221.625,1.0,0.75,2.375,0.0,0.75,0.375,0.5862068965517241,6.793103448275862,0.03065134099616858,0.022988505747126436,20,13,9,0.45,0
Seneca Wallace,WallSe00,18.375,31.875,211.125,1.875,4.875,3.0,0.125,0.375,0.375,0.5764705882352941,6.623529411764705,0.058823529411764705,0.15294117647058825,26,21,6,0.23076923076923078,0
Shane Matthews,MattSh00,23.875,39.5,238.625,1.375,1.125,1.875,0.0,0.375,0.375,0.6044303797468354,6.041139240506329,0.03481012658227848,0.028481012658227847,26,21,11,0.4230769230769231,0
Shaun Hill,HillSh00,24.5,37.875,260.75,1.875,0.625,3.0,0.625,0.625,0.625,0.6468646864686468,6.884488448844884,0.04950495049504951,0.0165016501650165,39,35,17,0.4358974358974359,0
Shaun King,KingSh00,19.0,33.875,215.625,1.5,0.875,2.375,0.0,0.875,0.875,0.5608856088560885,6.365313653136531,0.04428044280442804,0.025830258302583026,29,27,15,0.5172413793103449,0
Sonny Jurgensen+,JurgSo00,14.25,26.75,254.875,2.25,1.875,0.0,0.0,0.75,0.625,0.5327102803738317,9.52803738317757,0.08411214953271028,0.07009345794392523,150,139,66,0.44,1
Stan Gelbaugh,GelbSt00,16.875,33.5,179.875,0.75,1.875,3.0,0.0,0.125,0.0,0.503731343283582,5.369402985074627,0.022388059701492536,0.055970149253731345,14,11,1,0.07142857142857142,0
Stan Humphries,HumpSt00,18.625,33.5,202.0,0.5,2.125,2.0,0.0,0.5,0.375,0.5559701492537313,6.029850746268656,0.014925373134328358,0.06343283582089553,86,83,53,0.6162790697674418,1
Steve Bartkowski,BartSt00,14.25,31.75,205.625,1.5,1.875,0.0,0.0,0.5,0.5,0.44881889763779526,6.4763779527559056,0.047244094488188976,0.05905511811023622,128,127,59,0.4609375,1
Steve Beuerlein,BeueSt00,14.5,31.625,222.375,1.125,0.875,3.625,0.0,0.625,0.5,0.45849802371541504,7.031620553359684,0.03557312252964427,0.02766798418972332,116,103,53,0.45689655172413796,1
Steve Bono,BonoSt00,16.625,33.25,203.75,1.375,0.75,1.875,0.0,0.625,0.625,0.5,6.12781954887218,0.041353383458646614,0.022556390977443608,55,43,30,0.5454545454545454,0
Steve DeBerg,DeBeSt00,15.375,35.5,173.0,0.875,2.5,0.0,0.0,0.125,0.125,0.43309859154929575,4.873239436619718,0.02464788732394366,0.07042253521126761,165,142,60,0.36363636363636365,1
Steve Dils,DilsSt00,22.875,43.5,263.125,1.0,0.875,2.125,0.0,0.75,0.625,0.5258620689655172,6.0488505747126435,0.022988505747126436,0.020114942528735632,30,26,11,0.36666666666666664,0
Steve Fuller,FullSt00,13.0,23.875,133.375,0.5,1.5,0.0,0.0,0.5,0.5,0.5445026178010471,5.5863874345549736,0.020942408376963352,0.06282722513089005,49,43,21,0.42857142857142855,0
Steve Grogan,GrogSt00,18.5,36.0,266.625,1.375,2.625,0.0,0.0,0.25,0.125,0.5138888888888888,7.40625,0.03819444444444445,0.07291666666666667,139,130,74,0.5323741007194245,1
Steve McNair,McNaSt00,16.5,29.0,233.0,1.125,0.75,1.875,0.0,0.625,0.625,0.5689655172413793,8.03448275862069,0.03879310344827586,0.02586206896551724,162,160,95,0.5864197530864198,1
Steve Pelluer,PellSt00,23.125,39.375,283.125,0.625,1.75,4.875,0.0,0.5,0.375,0.5873015873015873,7.190476190476191,0.015873015873015872,0.044444444444444446,32,28,10,0.3125,0
Steve Ramsey,RamsSt00,14.375,31.75,218.875,0.75,2.5,0.0,0.0,0.375,0.375,0.452755905511811,6.893700787401575,0.023622047244094488,0.07874015748031496,40,30,17,0.425,0
Steve Spurrier,SpurSt00,17.875,34.5,230.125,1.5,2.625,0.0,0.0,0.375,0.375,0.5181159420289855,6.670289855072464,0.043478260869565216,0.07608695652173914,44,34,15,0.3409090909090909,0
Steve Stenstrom,StenSt00,17.75,31.875,196.375,0.5,1.125,3.25,0.0,0.125,0.125,0.5568627450980392,6.1607843137254905,0.01568627450980392,0.03529411764705882,11,10,1,0.09090909090909091,0
Steve Tensi,TensSt00,10.0,25.625,169.75,1.625,1.25,0.0,0.0,0.25,0.125,0.3902439024390244,6.624390243902439,0.06341463414634146,0.04878048780487805,34,28,12,0.35294117647058826,0
Steve Walsh,WalsSt00,20.5,38.375,250.5,1.25,1.75,2.0,0.0,0.25,0.125,0.5342019543973942,6.527687296416938,0.03257328990228013,0.04560260586319218,47,40,23,0.48936170212765956,0
Tarvaris Jackson,JackTa00,15.25,27.625,167.5,0.625,1.25,2.375,0.0,0.625,0.625,0.5520361990950227,6.0633484162895925,0.02262443438914027,0.04524886877828054,38,35,18,0.47368421052631576,0
Teddy Bridgewater,BridTe00,24.0,38.75,267.0,1.25,1.0,3.5,0.25,0.625,0.625,0.6193548387096774,6.890322580645162,0.03225806451612903,0.025806451612903226,30,29,17,0.5666666666666667,0
Terrelle Pryor,PryoTe00,20.75,36.25,239.5,1.125,1.375,3.875,0.875,0.375,0.375,0.5724137931034483,6.606896551724138,0.03103448275862069,0.03793103448275862,10,10,3,0.3,0
Terry Bradshaw+,BradTe00,9.5,24.625,147.875,0.5,2.75,0.0,0.0,0.375,0.375,0.38578680203045684,6.00507614213198,0.02030456852791878,0.1116751269035533,173,167,118,0.6820809248554913,1
Terry Hanratty,HanrTe00,8.875,21.25,134.625,1.25,1.625,0.0,0.0,0.25,0.125,0.4176470588235294,6.3352941176470585,0.058823529411764705,0.07647058823529412,18,12,4,0.2222222222222222,0
Tim Couch,CoucTi00,20.0,36.0,209.5,1.25,1.0,4.375,0.0,0.25,0.25,0.5555555555555556,5.819444444444445,0.034722222222222224,0.027777777777777776,59,59,22,0.3728813559322034,0
Tim Rattay,RattTi00,24.0,37.5,268.25,2.0,0.625,3.0,0.0,0.375,0.375,0.64,7.153333333333333,0.05333333333333334,0.016666666666666666,24,18,5,0.20833333333333334,0
Tim Tebow,TeboTi00,16.25,32.625,224.125,1.625,0.625,3.625,1.125,0.875,0.875,0.49808429118773945,6.869731800766283,0.04980842911877394,0.019157088122605363,15,15,8,0.5333333333333333,0
Timm Rosenbach,RoseTi00,17.625,31.625,211.625,1.0,1.25,3.125,0.0,0.25,0.25,0.5573122529644269,6.691699604743083,0.03162055335968379,0.039525691699604744,20,17,5,0.25,0
Tobin Rote,RoteTo00,11.125,28.375,174.625,1.125,2.75,0.0,0.0,0.5,0.5,0.3920704845814978,6.154185022026431,0.039647577092511016,0.09691629955947137,124,109,51,0.4112903225806452,1
Todd Blackledge,BlacTo00,19.375,38.75,219.375,0.875,1.375,1.875,0.0,0.5,0.5,0.5,5.661290322580645,0.02258064516129032,0.035483870967741936,33,29,14,0.42424242424242425,0
Todd Collins,CollTo00,20.25,34.375,252.125,1.25,1.375,4.25,0.0,0.75,0.75,0.5890909090909091,7.334545454545455,0.03636363636363636,0.04,25,21,12,0.48,0
Tom Brady,BradTo00,24.125,36.5,254.5,2.0,0.875,3.625,0.0,0.875,0.875,0.660958904109589,6.972602739726027,0.0547945205479452,0.023972602739726026,296,296,230,0.777027027027027,1
Tom Flores,FlorTo00,13.75,26.5,174.625,1.375,1.375,0.0,0.0,0.375,0.375,0.5188679245283019,6.589622641509434,0.05188679245283019,0.05188679245283019,67,59,29,0.43283582089552236,0
Tom Hodson,HodsTo00,19.25,34.875,207.25,0.875,1.25,4.375,0.0,0.125,0.125,0.5519713261648745,5.942652329749104,0.025089605734767026,0.035842293906810034,11,11,1,0.09090909090909091,0
Tommy Kramer,KramTo00,20.875,37.375,250.25,2.0,2.0,0.0,0.0,0.625,0.5,0.5585284280936454,6.695652173913044,0.05351170568561873,0.05351170568561873,114,110,55,0.4824561403508772,1
Tommy Maddox,MaddTo00,15.375,28.0,179.375,1.25,2.125,2.125,0.0,0.375,0.125,0.5491071428571429,6.40625,0.044642857142857144,0.07589285714285714,42,38,18,0.42857142857142855,0
Tony Banks,BankTo00,18.25,35.25,222.0,1.375,1.375,4.875,0.0,0.25,0.25,0.5177304964539007,6.297872340425532,0.03900709219858156,0.03900709219858156,83,76,35,0.42168674698795183,1
Tony Eason,EasoTo00,18.0,31.0,235.125,1.375,0.75,3.25,0.0,0.625,0.5,0.5806451612903226,7.584677419354839,0.04435483870967742,0.024193548387096774,55,52,29,0.5272727272727272,0
Tony Romo,RomoTo00,24.375,37.875,318.375,2.0,1.5,2.125,0.0,0.75,0.75,0.6435643564356436,8.405940594059405,0.052805280528052806,0.039603960396039604,132,131,80,0.6060606060606061,1
Trent Dilfer,DilfTr00,12.875,26.25,169.375,0.5,1.625,2.875,0.0,0.5,0.5,0.49047619047619045,6.4523809523809526,0.01904761904761905,0.06190476190476191,124,119,63,0.5080645161290323,1
Trent Green,GreeTr00,23.0,41.375,288.875,1.75,1.0,3.5,0.0,0.25,0.25,0.5558912386706949,6.981873111782478,0.04229607250755287,0.02416918429003021,117,114,56,0.47863247863247865,1
Trevor Siemian,SiemTr00,28.125,46.125,332.75,1.875,0.875,3.0,0.5,0.75,0.75,0.6097560975609756,7.21409214092141,0.04065040650406504,0.018970189701897018,23,22,11,0.4782608695652174,0
Troy Aikman+,AikmTr00,19.25,35.875,217.25,1.125,2.25,2.375,0.0,0.0,0.0,0.5365853658536586,6.055749128919861,0.0313588850174216,0.0627177700348432,172,171,103,0.5988372093023255,1
Turk Schonert,SchoTu00,16.125,27.75,198.0,0.375,1.25,3.25,0.0,0.625,0.25,0.581081081081081,7.135135135135135,0.013513513513513514,0.04504504504504504,20,11,9,0.45,0
Ty Detmer,DetmTy00,20.875,35.375,264.0,1.25,0.875,2.5,0.0,0.5,0.5,0.5901060070671378,7.4628975265017665,0.0353356890459364,0.024734982332155476,33,26,11,0.3333333333333333,0
Tyler Thigpen,ThigTy00,20.875,38.125,236.125,1.75,1.0,2.625,0.375,0.125,0.125,0.5475409836065573,6.19344262295082,0.04590163934426229,0.02622950819672131,15,12,1,0.06666666666666667,0
Vince Evans,EvanVi00,15.375,29.625,208.0,1.25,1.375,0.0,0.0,0.25,0.25,0.5189873417721519,7.0210970464135025,0.04219409282700422,0.046413502109704644,49,36,14,0.2857142857142857,0
Vince Ferragamo,FerrVi00,16.0,26.625,218.0,1.875,1.5,0.0,0.0,0.875,0.875,0.6009389671361502,8.187793427230046,0.07042253521126761,0.056338028169014086,62,57,29,0.46774193548387094,0
Vinny Testaverde,TestVi00,20.0,43.375,300.5,1.25,2.375,3.875,0.0,0.25,0.25,0.4610951008645533,6.927953890489913,0.02881844380403458,0.05475504322766571,223,212,95,0.4260089686098655,1
Virgil Carter,CartVi00,14.875,28.5,181.125,1.0,1.5,0.0,0.0,0.5,0.5,0.5219298245614035,6.355263157894737,0.03508771929824561,0.05263157894736842,33,26,15,0.45454545454545453,0
Warren Moon+,MoonWa00,20.25,36.125,275.25,1.0,0.75,4.5,0.0,0.125,0.125,0.5605536332179931,7.619377162629758,0.02768166089965398,0.020761245674740483,212,209,107,0.5047169811320755,1
Y.A. Tittle+,TittY.00,18.625,36.125,218.5,1.0,2.25,0.0,0.0,0.125,0.125,0.5155709342560554,6.048442906574395,0.02768166089965398,0.06228373702422145,156,131,81,0.5192307692307693,1
Zach Mettenberger,MettZa00,24.5,39.875,278.625,1.5,1.5,3.625,1.0,0.0,0.0,0.6144200626959248,6.987460815047022,0.03761755485893417,0.03761755485893417,11,10,0,0.0,0
Zeke Bratkowski,BratZe00,12.0,23.375,184.375,1.125,3.0,0.0,0.0,0.75,0.75,0.5133689839572193,7.887700534759358,0.0481283422459893,0.12834224598930483,60,39,20,0.3333333333333333,0
